creative,f_picture,f_dist,o_picture,o_dist
USSEN/AK AKDP&BEGICH WHATEVER IT TAKES,1,0.376785249353807,0,0.6326634214099258
USSEN/AK BEGICH AD IDEAS,1,0.3362205648871258,1,0.4202163879836908
USSEN/AK BEGICH AVIATION,1,0.2916201376550484,0,0.6181354182234127
USSEN/AK BEGICH BELLA,1,0.3164554727538067,0,0.639062204540038
USSEN/AK BEGICH BRYAN BOX,1,0.2786576644996847,0,0.593020068298635
USSEN/AK BEGICH CHEAP,1,0.4795710817087522,0,0.6437477927776363
USSEN/AK BEGICH FATHER TO SON 60,1,0.3518016475951652,0,0.5489126722608944
USSEN/AK BEGICH FRIGHTENING,1,0.4921695043684245,1,0.4270248812941958
USSEN/AK BEGICH JUST GOT HERE,1,0.5009364908251361,1,0.3877101870226193
USSEN/AK BEGICH MARGIE,1,0.2912594383808787,0,0.6088498569280366
USSEN/AK BEGICH OUTSIDER AD,1,0.2738756711041418,0,0.5962922267867805
USSEN/AK BEGICH RIPPED OFF,0,0.5963525046898954,1,0.443855841958714
USSEN/AK BEGICH ROAD,1,0.3418380729553958,0,0.6789436000373812
USSEN/AK BEGICH TERRY,1,0.4449449103181836,0,0.6384154850976442
USSEN/AK BEGICH TOOK ON OBAMA,1,0.4967152524252614,1,0.4533232682740374
USSEN/AK BEGICH WE WON,1,0.4509715989246999,0,0.6801316017447495
USSEN/AK BEGICH WHO'S BEHIND,1,0.4111666564040608,0,0.6157390608377334
USSEN/AK BEGICH WORK WITH ANYONE,1,0.4336670402046864,0,0.5751231249753962
USSEN/AK SULLIVAN ADVANCING ALASKA'S INTERESTS,1,0.3110890755669805,0,0.726267543179043
USSEN/AK SULLIVAN ALASKA'S TEACHERS,1,0.3730059872085772,0,0.7035393074428756
USSEN/AK SULLIVAN BEGICH'S FRIENDS,1,0.3965562000649373,1,0.4078074660156195
USSEN/AK SULLIVAN COMMITTED,1,0.4477516542755865,0,0.7022177294692243
USSEN/AK SULLIVAN ELAINA,1,0.4896899246167006,0,0.6667946809060971
USSEN/AK SULLIVAN LAME TRICKS,1,0.3969652070069946,0,0.6116935177299277
USSEN/AK SULLIVAN RETURNING THE FAVOR,1,0.3237021875082803,1,0.3723215103791935
USSEN/AK SULLIVAN ROOTS,1,0.3604245635958858,0,0.6487123410499972
USSEN/AK SULLIVAN RUNNING,1,0.3974275319810202,0,0.7407562339453102
USSEN/AK SULLIVAN SEE THINGS DIFFERENTLY,1,0.3632912045128391,1,0.3704401937109729
USSEN/AK SULLIVAN STAND UP TO OBAMA,1,0.3605387997506926,0,0.6169998684791497
USSEN/AK SULLIVAN STEELFAB,1,0.3719692487654604,1,0.3301532515574399
USSEN/AK SULLIVAN&NRSC JULIE,1,0.4750881935199025,0,0.6572465602183235
USSEN/AR COTTON BALLOT,1,0.3450791841083626,0,0.8491343460488772
USSEN/AR COTTON DECISIONS,1,0.3732535073483786,0,0.8534026671781181
USSEN/AR COTTON DEEP ROOTS,1,0.38134391366354,0,0.6976880415913782
USSEN/AR COTTON FAMILY FARM,1,0.3232893252553432,0,0.7115293267264844
USSEN/AR COTTON HEAD ON,1,0.337453510134955,0,0.6256328432104616
USSEN/AR COTTON LEAP OF FAITH 60,1,0.4916414681291859,1,0.3654880123435574
USSEN/AR COTTON PRYOR ON TV,1,0.4066574840023342,1,0.4703991646142565
USSEN/AR COTTON RECOVERY,0,0.5354249123589919,0,0.7405211465361012
USSEN/AR COTTON RETIRE PRYOR,1,0.3532001881407113,1,0.509448395841797
USSEN/AR COTTON SGT NORTON,1,0.3323203013848927,0,0.6389125292566792
USSEN/AR COTTON STILL DOESN'T GET IT,1,0.2946732451081747,1,0.4563554533286653
USSEN/AR COTTON TOE THE LINE,1,0.3749735775758638,1,0.4320465401477107
USSEN/AR COTTON&NRSC INDOOR PLUMBING,1,0.3433476115902048,0,0.6932489052633802
USSEN/AR COTTON&NRSC SERVE,1,0.329464524662235,0,0.6731733568166322
USSEN/AR PRYOR AGRICULTURAL DUST,1,0.375980585712254,0,0.7821452835771474
USSEN/AR PRYOR AMERICAN JOBS,1,0.3601304373565426,0,0.7050476208918273
USSEN/AR PRYOR BLESSING,1,0.3658413442058167,0,0.7033011576350671
USSEN/AR PRYOR COURTNEY,0,0.8715297966992736,0,0.8085747667773318
USSEN/AR PRYOR DIAGNOSED,1,0.4568596269604166,0,0.6354515717010912
USSEN/AR PRYOR END,1,0.4823367599009596,0,0.7587354335910969
USSEN/AR PRYOR FORDYCE,0,0.5944353927202928,0,0.682741452790612
USSEN/AR PRYOR LINDA,0,0.7433171056619916,0,0.6430125884549701
USSEN/AR PRYOR LISTEN TO PEOPLE,1,0.3306390194804981,0,0.6643243787461122
USSEN/AR PRYOR OLD BOOT,1,0.3528160496664366,0,0.7124528541686505
USSEN/AR PRYOR OUTBREAK,1,0.4628678448897111,1,0.3699038879951353
USSEN/AR PRYOR RECORD,1,0.4481488236352157,0,0.5256562610566233
USSEN/AR PRYOR RESPONSIBLE,1,0.3139143337854748,0,0.8067229988539992
USSEN/AR PRYOR RETURNING THE FAVOR,1,0.3997664240324447,1,0.4367311773065909
USSEN/AR PRYOR WHAT I BELIEVE,1,0.4257750513921797,1,0.4346518760805226
USSEN/AR PRYOR&ARDP GENERAL WES CLARK,1,0.4730626338225553,0,0.6639291552959172
USSEN/AR PRYOR&ARDP MEDICARE PROTECTION ACT,1,0.3565109132178092,0,0.7032979958775669
USSEN/AR PRYOR&ARDP ONLY ONE DISASTER RELIEF,1,0.4563024820637498,1,0.4875512954827066
USSEN/AR PRYOR&ARDP PARTISAN GAMES,1,0.3531169315197681,0,0.7983573753353589
USSEN/AZ CARMONA ANSWERED THE CALL,1,0.4521776093479368,1,0.358374904613543
USSEN/AZ CARMONA BOTH GOT IT WRONG,1,0.3213456332492965,0,0.6446639867188644
USSEN/AZ CARMONA MCCAIN & KYL TESTIMONIALS,1,0.4273937489389861,0,0.6901145324944554
USSEN/AZ CARMONA PROBLEM SOLVING,1,0.5010661469173404,0,0.5851488745505836
USSEN/AZ CARMONA PUT ASIDE POLITICS,1,0.377971390504235,1,0.368286255141146
USSEN/AZ CARMONA STRAIGHT TALKER,1,0.3458848727460229,0,0.6223478827749928
USSEN/AZ DSCC&CARMONA KATHLEEN BRENNAN,1,0.4765671040001692,1,0.3518732443206036
USSEN/AZ FLAKE IT'S A CHOICE,1,0.2594085273898714,0,0.5620007489936975
USSEN/AZ FLAKE LIBERAL BIG GOVERNMENT AGENDA,1,0.3324824570087973,0,0.6933350379976734
USSEN/AZ FLAKE MCCAIN & KYL ENDORSEMENT,1,0.371579875324987,0,0.5803671484383381
USSEN/AZ FLAKE OBAMA'S MAN IN ARIZONA,1,0.2791562025108466,0,0.5653087342296111
USSEN/AZ NRSC&FLAKE APRIL WHITE,1,0.4007419899698125,0,0.6701304069280344
USSEN/AZ NRSC&FLAKE TURNING POINT,1,0.303263662085616,0,0.6819932024327097
USSEN/CA FEINSTEIN ALL OVER CALIFORNIA,1,0.3034585534855457,0,0.7266912477193688
USSEN/CO GARDNER ABSENT,1,0.3299769561471933,1,0.4843290081449703
USSEN/CO GARDNER BETTER COURSE,1,0.3769310518887366,0,0.6431569574427309
USSEN/CO GARDNER BIG CITY,1,0.3039157894067446,0,0.6863931087299904
USSEN/CO GARDNER BIG SHOES,1,0.283513875802927,0,0.667473901434252
USSEN/CO GARDNER ENDORSEMENTS,1,0.3792758373991342,1,0.3614692204613211
USSEN/CO GARDNER FIX IT,1,0.2550493413349474,0,0.749533254996449
USSEN/CO GARDNER FOR YOU,1,0.3561015794640996,0,0.6711152769988612
USSEN/CO GARDNER MAILBOX,1,0.3684409395238607,0,0.7297815550550482
USSEN/CO GARDNER NICE GUY,1,0.3136006543318889,0,0.7927064823663927
USSEN/CO GARDNER RIGHT HERE,1,0.3150151212439941,0,0.6506311660287527
USSEN/CO GARDNER ROSIE,1,0.3072492563503443,0,0.6734153074829788
USSEN/CO GARDNER&NRSC HOW OFTEN,1,0.365483144139969,1,0.3449224990200575
USSEN/CO GARDNER&NRSC NEXT GENERATION ENERGY,1,0.3338967725006759,0,0.7700571708822097
USSEN/CO UDALL ALREADY,0,0.6001938127130744,0,0.6606505348443309
USSEN/CO UDALL BACKWARDS,0,0.6110296919186345,1,0.383788798259589
USSEN/CO UDALL COLORADO,1,0.3557478465779278,0,0.6357618754818869
USSEN/CO UDALL DENIALS,0,0.6056870976737919,1,0.3963591268502797
USSEN/CO UDALL DIRECTLY FROM ME,1,0.3897179995682876,1,0.3839761085314594
USSEN/CO UDALL FLASH FLOODING,0,0.6502598393329054,0,0.6583847524392548
USSEN/CO UDALL FREEDOM,1,0.3546984911395228,0,0.632926229786579
USSEN/CO UDALL HISTORY,0,0.6943607908085231,1,0.4275735764388515
USSEN/CO UDALL IN HERE,1,0.3474444186214214,0,0.6153734805879592
USSEN/CO UDALL RECORD,1,0.3799444335946356,1,0.3375149766405282
USSEN/CO UDALL RESPECT,1,0.4052145988533029,1,0.4419670446134922
USSEN/CO UDALL SUCCEED,1,0.3488433924675705,0,0.6287952499451963
USSEN/CO UDALL TRUE,1,0.323878690849222,0,0.6430574851400643
USSEN/CO UDALL&DSCC CALENDAR,1,0.3722446352175391,0,0.7886950651630736
USSEN/CO UDALL&DSCC CHAMPION,1,0.3852978769279497,0,0.6632294589597456
USSEN/CO UDALL&DSCC JOB,1,0.3458424376223953,1,0.4085093782830718
USSEN/CT MCMAHON CAN'T BE BOUGHT,1,0.3862652973014191,0,0.6722416788522838
USSEN/CT MCMAHON CAROLYN NAH,1,0.3434412397490169,0,0.6149722435142987
USSEN/CT MCMAHON CONNECTS WITH THE PEOPLE,1,0.3623619231671665,0,0.5949751306857025
USSEN/CT MCMAHON GOTTEN US IN A MESS,1,0.3349465011741332,0,0.7289400200683264
USSEN/CT MCMAHON JOBLESS RATE REV 2,1,0.4005796311955327,0,0.5918258888148413
USSEN/CT MCMAHON OBAMA SUPPORTERS,1,0.4032608274494156,0,0.7429427407676595
USSEN/CT MCMAHON REPRODUCTIVE RIGHTS,1,0.3186954201021147,0,0.6218557116357422
USSEN/CT MURPHY BLUMENTHAL ENDORSEMENT,1,0.3804162995890037,0,0.6524316159999644
USSEN/CT MURPHY CREATE THEIR OWN RULES,1,0.4050649133100286,1,0.4352731002708065
USSEN/CT MURPHY DEMEANED WOMEN,0,0.5318666632458963,0,0.6350696531021363
USSEN/CT MURPHY DO AND SAY ANYTHING,1,0.4813115933343578,0,0.6981571142045105
USSEN/CT MURPHY IMAGE ISN' T REAL,0,0.5134872510042711,1,0.4093948248505742
USSEN/CT MURPHY JOBS RECORD,1,0.4786980630457368,0,0.6526403894910868
USSEN/CT MURPHY MCMAHON HAD A PLAN,0,0.5979551002961079,1,0.4526365573974204
USSEN/CT MURPHY NEWSPAPER ENDORSEMENTS,1,0.4793977471178375,1,0.4502867594559339
USSEN/CT MURPHY OBAMA ENDORSEMENT,1,0.4691498353631359,0,0.6540568710489072
USSEN/CT MURPHY ROOTED IN THE MIDDLE CLASS,1,0.4086468571950805,0,0.6463708027990014
USSEN/DE CARPER PAID OFF,1,0.3568459186337296,0,0.5584631091322044
USSEN/DE COONS AMERICAN MANUFACTURING,1,0.3061656998853178,0,0.5558866503725871
USSEN/DE COONS GET ALONG,1,0.294222703142678,0,0.5745735306876413
USSEN/FL DSCC&NELSON MIDDLE CLASS,1,0.4710079477204494,0,0.6050219027405228
USSEN/FL DSCC&NELSON OUT OF STATE BILLIONAIRES REV,0,0.5594673887013762,1,0.4343165496308624
USSEN/FL NELSON IN NO WAY QUALIFIED,0,0.5790048100490477,0,0.6034295644434372
USSEN/FL NELSON PERSPECTIVE,1,0.4725579964609676,0,0.633504937701925
USSEN/FL NELSON&DSCC MEET CONNIE MACK IV,1,0.4699978833433236,1,0.3808889701359912
USSEN/GA NUNN BIASED,1,0.3105624183544535,0,0.6773468926035097
USSEN/GA NUNN BRIDGE,1,0.4729918275425668,0,0.6100589002944795
USSEN/GA NUNN DISCOVERY PROGRAM,1,0.3816078546955115,0,0.7277342429766155
USSEN/GA NUNN HAVE YOU SEEN THIS PICTURE,1,0.377246956249906,0,0.6670919820110435
USSEN/GA NUNN JACKPOT,1,0.3896043919601629,0,0.7505699374534599
USSEN/GA NUNN MY WHOLE CAREER,1,0.3151618324230752,0,0.6837918823171157
USSEN/GA NUNN PROUD OF IT,1,0.3826981502122879,1,0.4741473572709298
USSEN/GA NUNN REAL,1,0.3911616969318809,1,0.3384590089725828
USSEN/GA NUNN WHEN I HEAR,1,0.3291378802167893,1,0.3459513674528786
USSEN/GA NUNN&GAFEC DECENCY,1,0.370421874383282,1,0.3759682829092926
USSEN/GA NUNN&GAFEC DO RIGHT,0,0.6794329854918066,1,0.478210815129564
USSEN/GA NUNN&GAFEC MOST OF MY CAREER,1,0.4864899617444385,1,0.3582365723798178
USSEN/GA NUNN&GAFEC PILLOWTEX 60,1,0.4168267835424129,0,0.6758145338867761
USSEN/GA PERDUE CLEAR CHOICE,1,0.3632643504135482,1,0.3325025194711556
USSEN/GA PERDUE GEORGIA VALUES,1,0.4480525335146589,0,0.6899324109951384
USSEN/GA PERDUE GET US WORKING AGAIN,1,0.3092270871365743,1,0.41510858430997
USSEN/GA PERDUE LIKE YOU,1,0.4308978938786529,1,0.3546104589624509
USSEN/GA PERDUE SECURE OUR BORDER,1,0.3437868953014563,1,0.3853609382793469
USSEN/GA PERDUE TRUST,1,0.3369027947122749,0,0.5445628489881682
USSEN/GA PERDUE WE NEED A NEW DIRECTION,1,0.3659386350972529,0,0.5554467984186464
USSEN/GA PERDUE&NRSC AMERICAN DREAM,1,0.3140770604508055,1,0.3537771758172645
USSEN/GA PERDUE&NRSC HELPING GEORGIA GROW,1,0.3995149872967254,0,0.673360027830228
USSEN/GA PERDUE&NRSC NUNN ADMITS,1,0.4979254670261563,1,0.3167278801341756
USSEN/HI HIRONO A GOOD EDUCATION,1,0.3585737814152224,1,0.4864263422837532
USSEN/HI HIRONO LINGLE SUPPORTING ROMNEY,1,0.4841887940459947,1,0.3900349796583601
USSEN/HI HIRONO MISLEADING US AGAIN,1,0.4241044143161448,0,0.5333613186454347
USSEN/HI HIRONO MITT ROMNEY,1,0.3248458557876008,1,0.3387566176806693
USSEN/HI HIRONO NEGATIVE CAMPAIGN,1,0.3043043120543939,1,0.4283447115541037
USSEN/HI HIRONO NEWSPAPER ENDORSEMENT,1,0.2948242430357043,0,0.5216962492647624
USSEN/HI HIRONO OBAMA'S TORMENTOR,1,0.3881602392241128,1,0.3904092630295183
USSEN/HI HIRONO WE CAN DO BETTER,1,0.2250784355535284,1,0.4892997545920795
USSEN/HI LINGLE AMERICAN PROBLEMS,1,0.3262612215592725,0,0.7923647685216728
USSEN/HI LINGLE DEFENSE CUTS,1,0.301134321357666,1,0.36024544948535
USSEN/HI LINGLE PUTS PEOPLE FIRST,1,0.2572561654011274,1,0.3802667513510276
USSEN/HI LINGLE ZERO,1,0.0856527323437267,1,0.4242105599704776
USSEN/IA BRALEY BACK TO WORK,0,0.5217690442222592,0,0.7130918234571014
USSEN/IA BRALEY BEST FOR IOWA,1,0.3052238239016925,0,0.905624118147801
USSEN/IA BRALEY BRIDGES,1,0.3284661971032632,0,0.6543601662569983
USSEN/IA BRALEY CLOSER LOOK,1,0.3591745073844547,1,0.3575738469390083
USSEN/IA BRALEY HUGE PRIORITY,1,0.2481084331053659,0,0.6464314637674905
USSEN/IA BRALEY MINIMUM,0,0.6590926307372131,1,0.3572394896071462
USSEN/IA BRALEY MOM,1,0.3089693192081857,0,0.6821157363067054
USSEN/IA BRALEY PEEP,1,0.4416146738298137,1,0.4025167093993523
USSEN/IA BRALEY SOLVE PROBLEMS,1,0.2656650407895748,0,0.6647785748762336
USSEN/IA BRALEY THE TRUTH,1,0.4068195580774955,1,0.3499644081128129
USSEN/IA BRALEY TODD PRICHARD,1,0.4395601928836236,0,0.6268663888607845
USSEN/IA BRALEY WORK 60,1,0.3099966157620956,0,0.6654622494052955
USSEN/IA BRALEY&IADP STRONG,1,0.2856651349097943,0,0.9220764525121108
USSEN/IA ERNST BISCUIT,1,0.3764705296129107,0,0.612084281969082
USSEN/IA ERNST CHRIS,0,0.6494433805004892,0,0.642868289389541
USSEN/IA ERNST CROSSROADS,1,0.4202358069812005,0,0.8864199631460644
USSEN/IA ERNST DIFFERENCE,1,0.4082845341413361,0,0.630600750904888
USSEN/IA ERNST DRIVE,1,0.502319461955762,0,0.601810063588931
USSEN/IA ERNST LOT,1,0.3774726532753056,0,0.8139619559496979
USSEN/IA ERNST RED OAK,1,0.4073063979772602,0,0.6365059041526592
USSEN/IA ERNST SERVICE,1,0.3763134071372551,0,0.6275422103663165
USSEN/IA ERNST VALUES,1,0.434761490847867,1,0.4197880424307725
USSEN/IA ERNST WHAT I CARE ABOUT,1,0.3992538298384112,0,0.911476585200866
USSEN/IA ERNST WILLIAM,0,0.65724070138175,0,0.5966337024335358
USSEN/IA ERNST&NRSC HANDS,1,0.4379133619517648,0,0.738731778668938
USSEN/IL DURBIN CAPTAIN TONY 60,1,0.4852683118935346,0,0.5903491438901247
USSEN/IL DURBIN STUDENT LOANS,1,0.3839131648486971,0,0.5991095273301114
USSEN/IN DONNELLY BIPARTISANSHIP,0,0.6546818439842245,1,0.4052629190864819
USSEN/IN DONNELLY COMMON SENSE MIDDLE,1,0.3351837297019636,0,0.6035741866084021
USSEN/IN DONNELLY COMPARE THE CANDIDATES,1,0.3397454197851262,1,0.3938852326382221
USSEN/IN DONNELLY INFLICT ON US,1,0.3791543451916354,1,0.3624069101004817
USSEN/IN DONNELLY MOURDOCK'S WAY,1,0.3305473224892517,0,0.5670880800262975
USSEN/IN DONNELLY MY WAY OR THE HIGHWAY,0,0.5312429660722432,1,0.5008056791797985
USSEN/IN DONNELLY ROAD RAGE,1,0.3532238563867864,0,0.5827616471487518
USSEN/IN DONNELLY WATCHES EVERY PENNY,0,0.7241771173255116,0,0.7235361773328868
USSEN/IN MOURDOCK A CHOICE,1,0.398263827245465,1,0.4573984491233868
USSEN/IN MOURDOCK BECKY SKILLMAN,1,0.4053965802349955,0,0.6334160616460268
USSEN/IN MOURDOCK DISTORTED PERSONAL ATTACKS,1,0.4179769720162559,1,0.3687201962327724
USSEN/IN MOURDOCK GARBAGE ON TELEVISION,1,0.4340498691681249,1,0.4447349424941775
USSEN/IN MOURDOCK OBAMA-REID AGENDA,0,0.5368135827388908,0,0.6116117420403139
USSEN/IN MOURDOCK ROMNEY ENDORSEMENT,1,0.4192746192673808,0,0.5964435974710461
USSEN/IN NRSC&MOURDOCK 2 PATHS,1,0.4480396816532241,1,0.4724609989337707
USSEN/KS ORMAN ATTACK,1,0.3405205754616757,0,0.6091166071688837
USSEN/KS ORMAN AUTHENTIC,1,0.3143008049408036,0,0.6116237261380021
USSEN/KS ORMAN DECLARE,1,0.4673243566197328,0,0.6083788329987074
USSEN/KS ORMAN ELEVEN MILLION,1,0.4119043494376848,1,0.5003204250106872
USSEN/KS ORMAN ENOUGH IS ENOUGH,1,0.3446704097921739,0,0.6909392197589724
USSEN/KS ORMAN HALF RIGHT,1,0.3691523428209532,1,0.4557497427949964
USSEN/KS ORMAN INDEPENDENCE,1,0.3301769395487067,0,0.6216113061988351
USSEN/KS ORMAN MUDSLINGING,1,0.3326368626549214,1,0.4068255852505652
USSEN/KS ORMAN STUCK,1,0.3737534510078066,0,0.5992267245666729
USSEN/KS ORMAN WASHINGTON IS BROKEN,1,0.3245330215099052,0,0.5661864361232491
USSEN/KS ROBERTS ANOTHER VOTE,0,0.5314418870431862,1,0.3648260232577898
USSEN/KS ROBERTS COACH,1,0.4768031888708181,0,0.5944827876206349
USSEN/KS ROBERTS MISSING,0,0.53117440611711,0,0.6405915557538185
USSEN/KS ROBERTS MISTAKE,0,0.5433679812578773,1,0.4387172432463665
USSEN/KS ROBERTS RESULTS,1,0.413666154916067,0,0.6582046695182022
USSEN/KS ROBERTS TROUBLING,0,0.5401737191248258,1,0.3009668106808837
USSEN/KS ROBERTS WHAT A JOKE,0,0.751955106462508,1,0.318741110327704
USSEN/KS ROBERTS WORSE,0,0.5366759040015102,1,0.2813129389235779
USSEN/KS ROBERTS WRONG FOR KANSAS,1,0.4085930569924475,1,0.3928050077209596
USSEN/KY GRIMES 30 YEARS,1,0.4444567104925632,1,0.3336997465627252
USSEN/KY GRIMES FIRED,1,0.4600765029230529,1,0.403297955760002
USSEN/KY GRIMES IT'S TIME,1,0.354557274066494,0,0.6124938957521471
USSEN/KY GRIMES LOST IN BATTLE,1,0.4545092685121854,0,0.6426808353364518
USSEN/KY GRIMES NOT OBAMA,1,0.4111509179603334,0,0.559684809179342
USSEN/KY GRIMES QUESTION FROM DAVID,1,0.3801143801117539,0,0.8554873878914094
USSEN/KY GRIMES QUESTION FROM DON,1,0.4400527111492274,0,0.7057077616688494
USSEN/KY GRIMES QUESTION FROM ILENE,1,0.3574791183569424,0,0.5824469018719199
USSEN/KY GRIMES RALLY,1,0.3777676982951397,0,0.5184493578062698
USSEN/KY GRIMES WENDELL,1,0.413675329906723,0,0.5498274988545598
USSEN/KY GRIMES WHERE WAS HE,0,0.6362713444880227,1,0.3852273936086579
USSEN/KY GRIMES&DSCC PROUD MAN 60,1,0.3338506516988464,0,0.5396049215397222
USSEN/KY MCCONNELL AFTER ALL THAT,1,0.3816205250696566,1,0.4057650353430762
USSEN/KY MCCONNELL ANSWER ANYTHING,1,0.3437621396509219,1,0.4409434980108974
USSEN/KY MCCONNELL AS IF,1,0.2841919310243208,1,0.4210987470926994
USSEN/KY MCCONNELL CHRIS SEXTON,1,0.3390755556055234,0,0.7465733394532736
USSEN/KY MCCONNELL COMMERCIAL,1,0.3102268264192471,0,0.7213160096683554
USSEN/KY MCCONNELL CONVINCE,1,0.3179871470847976,1,0.4034673993197754
USSEN/KY MCCONNELL DEBBIE SMITH,1,0.3136579850969582,0,0.738282412628837
USSEN/KY MCCONNELL DIFFERENT DIRECTION 60,1,0.359108680056147,1,0.326100322619343
USSEN/KY MCCONNELL DR SANDY,1,0.3390756374523826,0,0.6551551519895105
USSEN/KY MCCONNELL EMPTY PARKING SPACE,1,0.3987090137168525,1,0.392692966249582
USSEN/KY MCCONNELL FACT CHECKS,1,0.3098324387001823,1,0.4891274588417901
USSEN/KY MCCONNELL FARMERS,1,0.3886481689445435,0,0.6049282817326543
USSEN/KY MCCONNELL FREEDOM,1,0.4633139061533323,0,0.6823731044815174
USSEN/KY MCCONNELL FREEDOM 60,1,0.4580636118185983,0,0.6659537434368362
USSEN/KY MCCONNELL HYPOCRISY,1,0.3220127900176736,1,0.4539954968138476
USSEN/KY MCCONNELL KATHY WALKER,1,0.3354115234298858,1,0.3696958582303778
USSEN/KY MCCONNELL LAUGHABLE,1,0.3567946718420652,1,0.427207047815322
USSEN/KY MCCONNELL LEADS,1,0.3433284499594607,0,0.6427887668285498
USSEN/KY MCCONNELL LIFELONG,1,0.3481445154044655,0,0.7686673111051787
USSEN/KY MCCONNELL NO EXPERIENCE,1,0.2927454365253712,1,0.4109597008919948
USSEN/KY MCCONNELL OUR VOICE FOR COAL,1,0.331233429348467,1,0.3284371770790187
USSEN/KY MCCONNELL PAUSES,1,0.3281471499331627,1,0.3925233091806292
USSEN/KY MCCONNELL SAVED,1,0.3046677303692224,0,0.7353826090755314
USSEN/KY MCCONNELL SERIOUS TIMES,1,0.2782771492372709,1,0.434279123034044
USSEN/KY MCCONNELL STRONG KENTUCKY WOMAN,1,0.2645417320901717,1,0.3425021294331423
USSEN/KY MCCONNELL THIS FALL,1,0.3911876132551915,1,0.43695583403293
USSEN/KY MCCONNELL TOUR BUS,1,0.3627092265178698,1,0.4366803350878599
USSEN/KY MCCONNELL WILLIAMS,1,0.3904083236534046,0,0.7431368373699577
USSEN/LA CASSIDY A FEW WORDS,0,0.7272966254107871,1,0.3821847944911498
USSEN/LA CASSIDY DUMB,0,0.5374813084819142,1,0.4047454239755368
USSEN/LA CASSIDY EXEMPT,1,0.3899208273691214,0,0.7144371292946798
USSEN/LA CASSIDY I READ IT,1,0.3648006391981471,0,0.6582722598881436
USSEN/LA CASSIDY MISTAKE,1,0.301517635886859,0,0.6619594976793345
USSEN/LA CASSIDY SHE HAS CHANGED,1,0.4497120774280528,1,0.3752017543547043
USSEN/LA CASSIDY TWO OBAMAS,1,0.4576103803202223,1,0.3998726562530628
USSEN/LA CASSIDY YES WE CAN,1,0.3861896509290981,1,0.4920568559798874
USSEN/LA CASSIDY YOUR TURN,1,0.3534984726355721,1,0.4253918563579825
USSEN/LA CASSIDY&NRSC A MESS,1,0.3823411303444562,1,0.3869907899857049
USSEN/LA CASSIDY&NRSC ANOTHER OBAMACARE LIE,1,0.4335492712810346,1,0.3990706741742427
USSEN/LA LANDRIEU CRAZY,1,0.4166606553090891,0,0.6937440476483349
USSEN/LA LANDRIEU ELECTRICIAN,0,0.6945249283675005,1,0.3999203638024996
USSEN/LA LANDRIEU EXTRA MILE,1,0.3277068563406797,0,0.8010424866516165
USSEN/LA LANDRIEU FATHER DAUGHTER 1,1,0.3288079122451358,0,0.7469087457963003
USSEN/LA LANDRIEU FATHER DAUGHTER 2,1,0.3511867902489675,0,0.7080873894611629
USSEN/LA LANDRIEU FATHER DAUGHTER 3,1,0.3551346273010789,0,0.631798813441902
USSEN/LA LANDRIEU LISTEN TO LOUISIANA,1,0.3615525596708732,0,0.6125173869606615
USSEN/LA LANDRIEU PK SCHEERLE,1,0.4170288226664955,1,0.4358751735348748
USSEN/LA LANDRIEU SHIP BUILDER,1,0.4095375199621883,0,0.6954273181018127
USSEN/LA LANDRIEU WE'RE ALL WITH MARY,0,0.5801948723164632,0,0.6841246701500332
USSEN/LA LANDRIEU WILL NOT REST,1,0.4025132578523455,0,0.6455917283811916
USSEN/MA BROWN ASBESTOS CLAIMS,1,0.4591049659222204,0,0.5831913924755131
USSEN/MA BROWN ASBESTOS VICTIMS,1,0.4422672747766388,0,0.6787566172997691
USSEN/MA BROWN BIPARTISAN SENATOR,1,0.4245081544398146,0,0.6999377399608346
USSEN/MA BROWN CAUGHT IN A LIE,1,0.4424196634910634,0,0.6535305974946573
USSEN/MA BROWN DIDN'T HAVE IT EASY,0,0.5281694209228239,0,0.7490106641435424
USSEN/MA BROWN FISHING INDUSTRY,1,0.4060284054842493,0,0.7070883817620798
USSEN/MA BROWN GAIL HUFF 3,1,0.3966029934751941,1,0.3370134618083913
USSEN/MA BROWN HERITAGE CLAIMS,1,0.4035403925200918,1,0.4085579776671909
USSEN/MA BROWN HIRED GUN,1,0.4448799228710657,1,0.3853877977528027
USSEN/MA BROWN INSIDER TRADING,0,0.5286082567224663,0,0.5880519213008216
USSEN/MA BROWN KEEP TAXES LOW,1,0.4422461108275341,1,0.4253894394441765
USSEN/MA BROWN KONNIE LUKES,1,0.4138418515526796,0,0.6112109777230378
USSEN/MA BROWN LAURIE MYERS,1,0.3745739352750116,0,0.5543678803734334
USSEN/MA BROWN NEGATIVE ATTACKS,1,0.4603984365651653,0,0.565411379150107
USSEN/MA BROWN PAUL WALSH,1,0.4327351747157387,0,0.5373961294479956
USSEN/MA BROWN PAUL WALSH 2,1,0.4451692468792143,0,0.5388376736386937
USSEN/MA BROWN RAY FLYNN ENDORSEMENT,1,0.4292758574291543,0,0.6838281075976257
USSEN/MA BROWN SPRINGFIELD TORNADOES,0,0.5151091062890603,0,0.6576737124030191
USSEN/MA BROWN SUPPORTS WOMEN,1,0.4229945101166136,0,0.6598002715918563
USSEN/MA BROWN THE CHOICE,1,0.3834361617201842,1,0.4110335534131969
USSEN/MA BROWN THOMAS HUDNER,1,0.3982848463394248,0,0.6877103718295068
USSEN/MA BROWN TOUGH ON THE MIDDLE CLASS,1,0.443999631759301,0,0.5889497564004487
USSEN/MA BROWN VOTE THE PERSON,1,0.4307879735538451,1,0.5026385029951185
USSEN/MA BROWN VOTE THE PERSON 60,1,0.3719144716366682,0,0.5239565444419679
USSEN/MA MARKEY HARD TO BELIEVE,1,0.3472369454817655,0,0.6361424544243528
USSEN/MA MARKEY TOGETHER,1,0.3569115502734462,0,0.668710699225679
USSEN/MA WARREN ATTACKING MY FAMILY,1,0.2680973353767417,0,0.8072580539542302
USSEN/MA WARREN CLEAR CHOICE,1,0.4429639641378464,0,0.5131404855272482
USSEN/MA WARREN CORPORATE INTERESTS,1,0.4222417327680767,0,0.5883138758937568
USSEN/MA WARREN JUST ONE VOTE,1,0.3556469354554381,1,0.4499258900568923
USSEN/MA WARREN MENINO ENDORSEMENT,1,0.364881820051045,0,0.5767612906906221
USSEN/MA WARREN MESOTHELIOMA VICTIMS,1,0.3993757495266569,0,0.7120821389734094
USSEN/MA WARREN MESOTHELIOMA VICTIMS 2,1,0.4124312538428872,0,0.7466427003846171
USSEN/MA WARREN MY FIGHT IS FOR YOU,1,0.3791554383817336,0,0.6049585456043786
USSEN/MA WARREN NOT A BAD GUY 60,1,0.3211265810901435,0,0.7985317644563305
USSEN/MA WARREN REAL FIGHTER,1,0.4222494683713986,0,0.5909585991678179
USSEN/MA WARREN SAME OLD BATTLES,1,0.2906010263722975,0,0.8410766623184146
USSEN/MA WARREN STANDS UP FOR PEOPLE,1,0.3775795023224348,0,0.6343734417692811
USSEN/MA WARREN STUDENT LOAD DEBT,1,0.3022212854480975,0,0.5740616791488085
USSEN/MA WARREN THE PEOPLE'S SIDE,1,0.433380311515492,0,0.5728726034242642
USSEN/MA WARREN WOMEN'S ISSUES,1,0.4427472392675909,0,0.6325725906774148
USSEN/MD CARDIN HEAVY LIFTING,1,0.4664806608229841,0,0.688374152110446
USSEN/MD CARDIN LUCKY,1,0.4183490528104747,0,0.654623295009019
USSEN/ME BELLOWS CONVERSATION,0,0.5955022719971211,0,0.5998958299851793
USSEN/ME BELLOWS FRANK,0,0.5787773056543766,0,0.6868212432938267
USSEN/ME BELLOWS I WOULD,1,0.3803065430061235,0,0.7820218435660219
USSEN/ME BELLOWS LILLIAN,1,0.4246804094154802,0,0.6501872926411465
USSEN/ME BELLOWS MAINE ROOTS,1,0.3364700169972481,0,0.619439234537663
USSEN/ME BELLOWS MAKING IT,1,0.3884360526965982,0,0.5895075997952383
USSEN/ME BELLOWS STAND WITH YOU,1,0.3793168037897352,0,0.612739153923768
USSEN/ME BELLOWS STEPHEN KING,1,0.2897380112376225,1,0.4060308358759719
USSEN/ME BELLOWS WALK,1,0.3893437496343449,0,0.7200860674913188
USSEN/ME COLLINS ADVOCATE,1,0.3516261471655037,0,0.5732005828199755
USSEN/ME COLLINS ALWAYS THERE,1,0.4294112270671568,0,0.5525084810305927
USSEN/ME COLLINS BATH IRON WORKS 60,1,0.3650575511929686,0,0.659630561607586
USSEN/ME COLLINS EDUCATION AND TRAINING,1,0.4193795265973775,0,0.6536783150024847
USSEN/ME COLLINS FEED 60,1,0.3697964940144695,0,0.5825009969996608
USSEN/ME COLLINS LEAD THE WAY,1,0.0948472604949277,0,0.6067560572714625
USSEN/ME COLLINS OUR SENATOR,1,0.3312221970997761,0,0.605897873534971
USSEN/ME COLLINS OUR SENATOR BANGOR,1,0.4190825182914178,0,0.600130016898009
USSEN/ME COLLINS OUR SENATOR PORTLAND,1,0.4011337314930495,0,0.6584186421389773
USSEN/ME COLLINS REMEMBER,1,0.3531168490978064,0,0.5480240986161723
USSEN/ME COLLINS SAVED,1,0.3371289309826535,0,0.6462997758276923
USSEN/ME COLLINS THE JOURNEY,1,0.3710281592524831,0,0.5792886903882022
USSEN/ME KING GODZILLA,1,0.3410373862203995,0,0.6303132134753713
USSEN/ME KING KNOW THE TRUTH,1,0.3445820117011436,0,0.5301176988617677
USSEN/ME KING NEW INDEPENDENT DIRECTION,1,0.3094900645703405,0,0.5288344044434585
USSEN/ME KING STAKES ARE HUGE,1,0.2987498995905078,0,0.6096291305696897
USSEN/ME KING THERE THEY GO AGAIN,1,0.3284865673340771,0,0.6300196277796699
USSEN/ME KING THINKS INDEPENDENTLY,1,0.4405159199203378,1,0.4916184349279152
USSEN/ME KING UNIQUE LIFE,1,0.3674825095641429,1,0.4641108836508893
USSEN/ME NRSC&SUMMERS LIVED IT,1,0.4020542967962697,0,0.5706066171543537
USSEN/ME NRSC&SUMMERS WORST THING WE COULD DO,1,0.3959370531433778,1,0.3590767152576152
USSEN/ME SUMMERS BUDGET SHORTFALL,1,0.3969677381156438,1,0.4705879548427502
USSEN/ME SUMMERS MEET CHARLIE,1,0.4600918957162505,0,0.5233623484290725
USSEN/ME SUMMERS SOCIAL SECURITY AND MEDICARE,1,0.4468432936434078,0,0.5938571495134679
USSEN/MI LAND BAD LOANS,1,0.3549606328754941,1,0.4019255014695133
USSEN/MI LAND BORDER CRISIS,1,0.3449443327946626,1,0.3483979429792476
USSEN/MI LAND CRISIS AT THE BORDER,1,0.3526914958537367,1,0.3501079282924538
USSEN/MI LAND I PLEDGE,1,0.3801047085433858,0,0.5991261867209181
USSEN/MI LAND MICHIGAN FIRST,1,0.3483477703782243,0,0.608770043701787
USSEN/MI LAND MICHIGAN FIRST PLAN,1,0.3466107665728751,0,0.7190004927321724
USSEN/MI LAND MOMS GET THINGS DONE,1,0.3429011946822646,0,0.7467883566783095
USSEN/MI LAND PROFITING FROM POLLUTION,1,0.3532180385062783,1,0.310949490351716
USSEN/MI LAND REALLY,1,0.3929443514473187,0,0.7308625355377822
USSEN/MI LAND ROADBLOCK,1,0.3725785667059139,1,0.4274129736028276
USSEN/MI LAND STOP FIGHTING START LISTENING,1,0.3137350158640984,0,0.6992676916962592
USSEN/MI LAND SUCCESS STORY,1,0.3852744121320189,1,0.4782008175618377
USSEN/MI LAND WAR ON MICHIGAN,1,0.3896053880572694,0,0.5590515115785563
USSEN/MI LAND&NRSC SIPHONED OFF,1,0.3427713357553659,0,0.5131364543285208
USSEN/MI PETERS FRUGAL,1,0.2766615478585285,0,0.5865998026020589
USSEN/MI PETERS SON OF A WORLD WAR II VETERAN,1,0.3120293572278418,0,0.6818229143098705
USSEN/MI PETERS&DSCC HEROIC 60,1,0.2864975477915326,0,0.6089925933080269
USSEN/MI STABENOW COUNTERFEIT CHINESE PRODUCTS,1,0.3805558932568152,0,0.5534041516744245
USSEN/MI STABENOW CUT MEDICARE,1,0.3544276423391179,1,0.3401770126783698
USSEN/MI STABENOW DISHONEST AND RIDICULOUS,1,0.3871985926476433,1,0.3720017284658338
USSEN/MI STABENOW FARM BILL,1,0.4009511254812893,0,0.5724903804050157
USSEN/MI STABENOW FARMERS,1,0.4419287667832159,0,0.6073353514033292
USSEN/MI STABENOW NEWSPAPER ENDORSEMENTS,1,0.3811999296969452,0,0.5623824923004344
USSEN/MI STABENOW ROGERS FOAM,1,0.3680832844186201,0,0.6074861616046279
USSEN/MN FRANKEN ALL TOGETHER,1,0.3413193679055367,0,0.6335591804347837
USSEN/MN FRANKEN BERMUDA,0,0.5130721317371392,1,0.1212970855382004
USSEN/MN FRANKEN COMMON DECENCY,1,0.468594081353604,0,0.6825776369927539
USSEN/MN FRANKEN FOOD SAFETY 60,0,0.5527748453037773,0,0.6268375399434137
USSEN/MN FRANKEN GRIDLOCK,1,0.4129562229305504,0,0.586846275680084
USSEN/MN FRANKEN HEAD DOWN,1,0.3459057168777049,0,0.6208961677523285
USSEN/MN FRANKEN HOLLY 60,1,0.2948114983423857,0,0.5786717148411665
USSEN/MN FRANKEN JOBS,1,0.4158754445158312,0,0.6562392391503713
USSEN/MN FRANKEN LUCKY,1,0.4669275995182541,1,0.11948359021544
USSEN/MN FRANKEN MENTAL ILLNESS,1,0.3625790973361913,0,0.7284503391953067
USSEN/MN FRANKEN POSTCARDS,1,0.4403109156433393,1,0.1139834086704093
USSEN/MN FRANKEN RIGGED,1,0.3875451045577476,0,0.6822840909780867
USSEN/MN FRANKEN SERIOUS,1,0.424384970128737,1,0.4257161725615475
USSEN/MN FRANKEN SIGNED INTO LAW,1,0.3647922590297967,0,0.6317047244463333
USSEN/MN FRANKEN SPECIAL BREAKS,1,0.3213610174209269,0,0.718863174797142
USSEN/MN FRANKEN THE MILL 60,1,0.5085618141643512,0,0.574353018358696
USSEN/MN KLOBUCHAR BETSY SATHERS,1,0.3729625588499636,0,0.6757363220331921
USSEN/MN KLOBUCHAR CHAMPION,0,0.5891635240145848,0,0.6107881987988443
USSEN/MN KLOBUCHAR GET THE ECONOMY MOVING,1,0.3880396851634852,0,0.6314922255233955
USSEN/MN KLOBUCHAR MY MOM,1,0.4232483647720902,0,0.5742340881898987
USSEN/MN KLOBUCHAR PAUL WALSER,1,0.4190281166646936,0,0.5748566910520079
USSEN/MN KLOBUCHAR VETERANS BENEFITS,1,0.3967146736987474,0,0.6201396552031634
USSEN/MN MCFADDEN 97 PERCENT,1,0.3992269905954128,1,0.4644890533914912
USSEN/MN MCFADDEN CLUE,1,0.3780797126798669,1,0.4503759210458428
USSEN/MN MCFADDEN DEBATE PART ONE,1,0.4161249955186853,0,0.7249292940624529
USSEN/MN MCFADDEN DEBATE PART TWO,0,0.5190949598403638,0,0.6307765684827681
USSEN/MN MCFADDEN HIDING 15,1,0.490905092967559,1,0.4680296237623723
USSEN/MN MCFADDEN IT'S TIME,0,0.5746296848743458,0,0.6225658109436744
USSEN/MN MCFADDEN MISSED THE MARK,1,0.3783728774289627,0,0.6918805765758914
USSEN/MN MCFADDEN MOLLY,1,0.3395347693123242,0,0.6080728993678358
USSEN/MO AKIN 6 YEAR RECORD,1,0.3826367413831243,0,0.834528575829468
USSEN/MO AKIN BROKE OUR TRUST,1,0.3981912017598613,1,0.4284052881331538
USSEN/MO AKIN CORRUPT CLAIRE,1,0.3992812415581318,1,0.4774143289993401
USSEN/MO AKIN GETTING RICH OFF US,1,0.3959770778785659,1,0.4241786140368352
USSEN/MO AKIN HUCKABEE ENDORSEMENT 3,1,0.3970319534567318,0,0.6095042810525714
USSEN/MO AKIN I APOLOGIZE,1,0.3950778282727585,0,0.8015399738291584
USSEN/MO AKIN MISLEADING DECEPTIVE FALSE,1,0.4438588059444285,1,0.4483951176799708
USSEN/MO AKIN SELLING US OUT,1,0.3990966852318126,0,0.8576056535839517
USSEN/MO AKIN STRONGER FAMILIES,1,0.4025364754141554,0,0.5936466270592593
USSEN/MO MCCASKILL CHINESE TRADE VIOLATIONS,1,0.3745745684503443,0,0.5953242768288625
USSEN/MO MCCASKILL COMMON SENSE WAY,1,0.3574456422326981,0,0.6080856613745457
USSEN/MO MCCASKILL EMERGENCY CONTRACEPTION,1,0.3897494598646644,1,0.4681453174392483
USSEN/MO MCCASKILL EMERGENCY CONTRACEPTION 2,1,0.3879239500608054,0,0.7729377626553717
USSEN/MO MCCASKILL EMERGENCY CONTRACEPTION 3,1,0.3790882847446174,0,0.7652219279157986
USSEN/MO MCCASKILL FAMILY AND MO FIRST,1,0.3938107624800773,0,0.5907670466756769
USSEN/MO MCCASKILL NOT FROM AROUND HERE,1,0.3747575524580825,0,0.5884213332826544
USSEN/MO MCCASKILL NUMBER 50,1,0.3934645902977298,0,0.5136743601104137
USSEN/MO MCCASKILL SCARY,0,0.5574760469126074,0,0.5297122405331021
USSEN/MO MCCASKILL SHARED VALUES,0,0.5684267774886829,0,0.6710423864796127
USSEN/MO MCCASKILL SHARED VALUES REV,0,0.548522905094007,0,0.6190413280941265
USSEN/MO MCCASKILL SOCIAL SECURITY AND MEDICARE,0,0.5620844486477471,0,0.6414622089300502
USSEN/MO MCCASKILL STUDENT LOANS,1,0.3632200456083033,1,0.3874917214094715
USSEN/MO MCCASKILL TIMELINE,0,0.6058313442475687,1,0.436030556234902
USSEN/MO MCCASKILL TRUE COLORS,1,0.3904405453118215,0,0.7709189126821548
USSEN/MO MCCASKILL VETERANS AFFAIRS,1,0.4131665692029448,0,0.5822284542164999
USSEN/MS COCHRAN SO MUCH AT STAKE,1,0.317921465506755,0,0.6189325624464375
USSEN/MS COCHRAN WORKING,1,0.3342406989212081,0,0.5861568375668134
USSEN/MT CURTIS ONE OF US,1,0.3729073675551538,0,0.6556780411250281
USSEN/MT CURTIS WE HAVE TO FIGHT,1,0.3412443731735009,0,0.6519606250952626
USSEN/MT DAINES BALANCED BUDGET,1,0.2968528474675181,0,0.665255167600868
USSEN/MT DAINES CHARACTER,1,0.4445836062547092,0,0.6614813841736445
USSEN/MT DAINES CINDY REV,1,0.2544960685364867,0,0.6096674524362036
USSEN/MT DAINES ED REGAN,0,0.6394011690982415,0,0.64638143893816
USSEN/MT DAINES INJUSTICE,1,0.3591990418584428,0,0.6529450141785109
USSEN/MT DAINES MONTANA JOBS,0,0.5512818560030202,0,0.5947958561845433
USSEN/MT DAINES MOTIVATION,1,0.2994383327428765,0,0.5952419213703444
USSEN/MT DAINES PUBLIC LAND,0,0.5454857015187964,0,0.6494222728932352
USSEN/MT DAINES SOLEMN,1,0.3306428046883323,0,0.696601984835591
USSEN/MT NRSC&REHBERG ENGINES OF ECONOMIC GROWTH,1,0.4411680451490248,0,0.6093538273094253
USSEN/MT REHBERG BALONEY 3,1,0.3494104255822758,1,0.3554354937654521
USSEN/MT REHBERG BALONEY 4,1,0.3396953054668877,0,0.7325702657289851
USSEN/MT REHBERG COAL REGULATIONS,1,0.3410871982096378,0,0.6233062770648561
USSEN/MT REHBERG GIVE IT THEIR ALL,1,0.3588675502836935,0,0.6326571282625735
USSEN/MT REHBERG JUST DOESN'T GET IT,1,0.3647073204028527,0,0.6623687958043315
USSEN/MT REHBERG LINDA & MARSHA FREY,1,0.373292370082334,0,0.6901555509567353
USSEN/MT REHBERG NIGHT AND DAY,1,0.3091298921272248,0,0.8885559054785417
USSEN/MT REHBERG NOT TRUE,1,0.5103727653811978,0,0.5152829578023582
USSEN/MT REHBERG ROMNEY ENDORSEMENT,1,0.3378543053895921,0,0.7931924556997617
USSEN/MT REHBERG TALK IS CHEAP,1,0.4901341310889248,0,0.601666351996862
USSEN/MT REHBERG TRADED OUR VALUES,1,0.3779532214762448,0,0.559548666929647
USSEN/MT REHBERG VOTES WITH US,1,0.327497917082055,0,0.5806536658661579
USSEN/NC HAGAN ANNA,1,0.3036961697342439,1,0.3303204875413948
USSEN/NC HAGAN ATTACKING FAMILY,1,0.3037178086950128,1,0.3663908782452526
USSEN/NC HAGAN EDUCATION MEANS OPPORTUNITY,1,0.3433956422001452,1,0.292497838447065
USSEN/NC HAGAN FABRIC,1,0.3087766308986989,0,0.6091192620538388
USSEN/NC HAGAN FOR JANEY,1,0.3058409941528426,0,0.6724275510388485
USSEN/NC HAGAN LOW,1,0.2918842479277252,1,0.4744191943627613
USSEN/NC HAGAN MAJOR NEWSPAPERS,1,0.2833168541595206,0,0.6321350102761226
USSEN/NC HAGAN NEVA,1,0.2990958711307459,1,0.3444227530505514
USSEN/NC HAGAN SAME TEAM,1,0.3136389540333313,0,0.6242147924133142
USSEN/NC HAGAN TELL THOM TILLIS ANNA,1,0.2970630358881612,1,0.3458758541206023
USSEN/NC HAGAN TELL THOM TILLIS JUSTIN,1,0.2984727603891117,1,0.2635580129849422
USSEN/NC HAGAN TELL THOM TILLIS MEGAN,1,0.3016432520940873,0,0.5649474962348615
USSEN/NC HAGAN TELL THOM TILLIS SHEREE,1,0.2970424791091084,1,0.308292653241617
USSEN/NC HAGAN TOUGH ENOUGH,1,0.3063297966215789,0,0.7400059541131203
USSEN/NC HAGAN VAIN,1,0.2907036069606359,0,0.6431198625827861
USSEN/NC HAGAN&DSCC IMPORTANT ISSUES,1,0.3056767230268227,1,0.3984922865381789
USSEN/NC HAGAN&DSCC RECORD,1,0.2978817549727066,1,0.3261512631788965
USSEN/NC NRSC&TILLIS MATH,1,0.2835444941295884,0,0.6200250600352945
USSEN/NC TILLIS CHANGE DIRECTION,1,0.3674636008802108,1,0.3888138154271137
USSEN/NC TILLIS KAY HAGAN DID COCKTAILS,1,0.3284207687516952,1,0.4569178258434563
USSEN/NC TILLIS LONG CAMPAIGN,1,0.31870095701398,0,0.7386836208147943
USSEN/NC TILLIS NANCY ANDERSON,0,0.5767156578460974,1,0.3010001138461373
USSEN/NC TILLIS PUSHED FOR STIMULUS,1,0.2735881038107942,1,0.3963971717742159
USSEN/NC TILLIS&NRSC KITCHEN,1,0.3243478725662205,0,0.586973034048754
USSEN/ND HEITKAMP BATTING CAGE,0,0.5275289525488192,0,0.758392547994864
USSEN/ND HEITKAMP COLLEGE AID,1,0.390712850429819,0,0.5983297229593774
USSEN/ND HEITKAMP HEROES HEALTH CARD,1,0.3702504736601611,0,0.5435560653669198
USSEN/ND HEITKAMP OIL REFINERY,1,0.4014788109856381,0,0.8545236387674997
USSEN/ND HEITKAMP ONLY ANSWER TO YOU,1,0.4344738427344317,0,0.8184838960360802
USSEN/ND HEITKAMP PAY OUR OWN WAY,1,0.4271799320352309,0,0.6668710527527939
USSEN/ND HEITKAMP STRENGTHEN MEDICARE,1,0.3738522423788348,0,0.6512352238674117
USSEN/ND HEITKAMP VOTE FOR THE PERSON,1,0.35027892981419,0,0.8535697677870446
USSEN/NE DOMINA BUSINESS AS USUAL,1,0.3032586670109061,0,0.7155684676822506
USSEN/NE KERREY A CHOICE,1,0.3208519395152376,0,0.6421736764983142
USSEN/NE KERREY BORN AND BRED,1,0.3270736842899774,0,0.6660203515477529
USSEN/NE KERREY BOTH WRONG,1,0.3305508015418509,0,0.5721818705858446
USSEN/NE KERREY CHUCK HAGEL ENDORSEMENT,1,0.3142544104627398,0,0.7089558813969782
USSEN/NE KERREY KIMES RANCH 2,1,0.4642706760484175,1,0.4707162336037511
USSEN/NE KERREY KIMES RANCH 60,1,0.4949343811570941,1,0.4245050982985643
USSEN/NE KERREY NO SUBSTITUTE,1,0.3068781366828489,0,0.7093760151635052
USSEN/NE KERREY RELENTLESS DETERMINATION,1,0.364063152077319,0,0.6478422633503209
USSEN/NE KERREY WASHINGTON IS A MESS,1,0.3332970546949348,0,0.6609459499448558
USSEN/NE SASSE BEN'S NEBRASKA 60,1,0.502640292959414,0,0.5657702512902447
USSEN/NE SASSE NINETY-THREE,0,0.5439670314112967,0,0.5694164028092
USSEN/NH BROWN BROKEN PROMISES,1,0.431523757848968,1,0.3320157533120712
USSEN/NH BROWN ECONOMY NOT WORKING,1,0.4610030832357206,0,0.544124046583518
USSEN/NH BROWN FOR NEW HAMPSHIRE,1,0.3886137719738589,1,0.3737646808697937
USSEN/NH BROWN INDEPENDENCE,1,0.3880768369785815,0,0.8032655292455756
USSEN/NH BROWN INDEPENDENT,1,0.3209262809751984,1,0.3404807494089889
USSEN/NH BROWN KEEP AMERICA SAFE,1,0.3842824833608579,1,0.3356309793534953
USSEN/NH BROWN MAKING ENDS MEET 15,0,0.6025591972328838,1,0.3698394892279452
USSEN/NH BROWN MAKING ENDS MEET ENERGY TAX 15,0,0.6059128764577094,1,0.3652266528029281
USSEN/NH BROWN PROTECTING AMERICA'S FREEDOM,1,0.406849182510641,1,0.4386248939243413
USSEN/NH BROWN ROLL CALL 15,1,0.3648247576613539,1,0.3064927301790247
USSEN/NH BROWN SECURE BORDERS,1,0.4082229829701848,0,0.8239650103662707
USSEN/NH BROWN SHAHEEN'S SMEAR,1,0.4249890227930445,0,0.8133839241864236
USSEN/NH BROWN&NRSC LEEANN,0,0.580736154083523,0,0.6416195177452969
USSEN/NH BROWN&NRSC LEEANN 60,1,0.4594445334893018,0,0.637293417136623
USSEN/NH SHAHEEN BATTLING,1,0.3460661850675469,0,0.5854742274805057
USSEN/NH SHAHEEN BREAKTHROUGH,1,0.3256718004612055,0,0.6265343894045384
USSEN/NH SHAHEEN CARED,1,0.4202021031345451,0,0.6172976406469897
USSEN/NH SHAHEEN CARED 60,1,0.4090588789399747,0,0.5757893076281526
USSEN/NH SHAHEEN FOR YOU,1,0.3358370134134149,0,0.6017209881180228
USSEN/NH SHAHEEN FORCED,1,0.3470387495469511,1,0.3939955792840176
USSEN/NH SHAHEEN GRANITE STATE,1,0.3371181440099794,0,0.641795296695812
USSEN/NH SHAHEEN KIDS,1,0.3063513057330607,0,0.610704517511623
USSEN/NH SHAHEEN MAKES A DIFFERENCE,1,0.3050128291446281,0,0.598201805505257
USSEN/NH SHAHEEN NATIONAL SECURITY,1,0.3354281290408188,1,0.4856898498741422
USSEN/NH SHAHEEN NOT HOW HE VOTES,1,0.3527750866769899,1,0.4625230676581397
USSEN/NH SHAHEEN OPEN,1,0.3819071072478861,0,0.5941627543546019
USSEN/NH SHAHEEN PROFITABLE,1,0.3295422140656343,1,0.4438912000124986
USSEN/NH SHAHEEN PROOF,1,0.4231361798399981,0,0.5987193974984835
USSEN/NH SHAHEEN REALLY FOR NH,1,0.3472477719320161,1,0.4104182457615841
USSEN/NH SHAHEEN SELLING OUT,1,0.3362231079348678,1,0.3773411821839875
USSEN/NH SHAHEEN STEEL,1,0.3996085007754461,0,0.5981070395463424
USSEN/NH SHAHEEN STUDENT DEBT,1,0.3265681397889494,0,0.6520539568534547
USSEN/NH SHAHEEN&NHDP THERE'S A CLEAR CHOICE,1,0.5002094365284916,0,0.6109307462609861
USSEN/NJ MENENDEZ ALL ABOUT FAMILY,1,0.2553496309221685,0,0.6111412992938199
USSEN/NJ MENENDEZ EDUCATION SPENDING,1,0.3728950891674208,0,0.6131185053611881
USSEN/NJ MENENDEZ MIDDLE CLASS UNDER ATTACK,1,0.3383725679821231,0,0.6592386674465904
USSEN/NJ MENENDEZ REBUILD THE MIDDLE CLASS,1,0.3738934628036294,0,0.5868310700744055
USSEN/NJ MENENDEZ THIS IS WHO I AM,1,0.3539054945862913,0,0.5970047664401197
USSEN/NM HEINRICH 14 YEARS AGO,1,0.4081500935576252,1,0.3802867805685327
USSEN/NM HEINRICH A LONG TIME,1,0.4833379095609487,1,0.4199580155801851
USSEN/NM HEINRICH DIRECTION,1,0.4262094644278248,0,0.5419580457520725
USSEN/NM HEINRICH HERE THEY COME,1,0.4330556580425628,1,0.3979217190299557
USSEN/NM HEINRICH KNOWS WHAT'S IMPORTANT,1,0.3732727157075809,0,0.6404333018180212
USSEN/NM HEINRICH LIVING WITH DIGNITY,1,0.4052183269620741,0,0.573293952427159
USSEN/NM HEINRICH MILITARY FAMILIES,1,0.4263374425365061,0,0.6533885606451767
USSEN/NM HEINRICH PRIORITIES,1,0.3794442001983104,0,0.6261440919720778
USSEN/NM HEINRICH STRUGGLING TO GET BY,1,0.3502837709269764,0,0.6347517339223924
USSEN/NM HEINRICH TO DO LIST,1,0.4321256149427185,0,0.6502002131489901
USSEN/NM HEINRICH TOP 5 WAYS,1,0.3499078818581609,0,0.6481361627193571
USSEN/NM HEINRICH VALUES & PRIORITIES,1,0.449864422362654,0,0.5931167253835441
USSEN/NM NMDP&HEINRICH LEVEL PLAYING FIELD,0,0.6333888959964992,1,0.4107343912440757
USSEN/NM UDALL BEST PART,1,0.4055746176929735,0,0.6998055858414073
USSEN/NM UDALL DOESN'T FLY,0,0.610869409440322,0,0.6200193953855456
USSEN/NM UDALL GOOD MAN,1,0.4391981521210846,0,0.6554310094600951
USSEN/NM UDALL SCARY IDEA,1,0.4780788868755022,1,0.4101191137768167
USSEN/NM UDALL SO WHAT,0,0.6519243728533255,1,0.4226736163698503
USSEN/NM UDALL VOIDED,1,0.4678489787014724,1,0.408765082923873
USSEN/NM UDALL WHAT KIND OF SENATOR,0,0.665671565174477,1,0.4187680894855591
USSEN/NM WEH BECKY'S STORY,1,0.4035902847089404,0,0.6098591920445016
USSEN/NM WEH NEGATIVE ATTACKS 15,1,0.3400704250052995,0,0.7039612356315933
USSEN/NM WEH RESTORING LEADERSHIP,1,0.3809409491140406,1,0.4103425815389237
USSEN/NM WEH SO WHAT,1,0.4526233770670045,0,0.5888821454427985
USSEN/NM WEH THEY'RE PAYING FOR IT,0,0.6004986545377152,1,0.4587232333675781
USSEN/NM WEH UDALL FOR OBAMACARE,1,0.5022348731797535,1,0.3192446396805649
USSEN/NM WEH WASHINGTON IS BROKEN,0,0.790791265638269,0,0.8029358872454676
USSEN/NM WEH WHAT DOES THAT TELL YOU 15,1,0.3816045181242696,0,0.6280358966731642
USSEN/NM WEH WHO'S DOING BETTER,0,0.5166830240543581,1,0.3559311480577803
USSEN/NM WILSON AIR FORCE ACADEMY,1,0.3102524115104864,0,0.8607024595480975
USSEN/NM WILSON BARRIERS WERE MEANT TO BE BROKEN,1,0.3224676246866228,0,0.8178943866458713
USSEN/NM WILSON DEFENSE CUTS,1,0.3882325414921092,0,0.7845964731172185
USSEN/NM WILSON DEMOCRATS,1,0.435729103084004,0,0.7952628171573494
USSEN/NM WILSON EXTREMIST LEFT WING POLITICS,1,0.3641217341336353,1,0.4450733987426932
USSEN/NM WILSON HONOR CODE,1,0.4402549374704667,0,0.659867965152457
USSEN/NM WILSON HOW I SEE IT,1,0.2985405689037702,0,0.7999354027435597
USSEN/NM WILSON KNOWINGLY,1,0.2852045030472873,1,0.4092727319904055
USSEN/NM WILSON MAKING THINGS WORSE,1,0.3094020168944219,0,0.8176929087588064
USSEN/NM WILSON OUR MOM,1,0.359802554723812,0,0.7225147440873719
USSEN/NM WILSON SOCIAL SECURITY CARD,1,0.4444293606282294,0,0.7219719789805079
USSEN/NM WILSON STICK TO A BUDGET,1,0.3657134256010249,0,0.729245450892142
USSEN/NM WILSON STILL WAITING,1,0.5019521958081242,0,0.6497544881491438
USSEN/NM WILSON THE WASHINGTON DIRECTION,1,0.3751733966970337,1,0.4416741483186824
USSEN/NM WILSON WALL STREET BONUSES,1,0.4309231649929328,0,0.6301115558151097
USSEN/NV BERKLEY NEVER BEEN FOR YOU,1,0.3403137534100053,1,0.2993628515309626
USSEN/NV BERKLEY REALLY NOT FOR YOU,1,0.4723420874017425,1,0.4207758975329229
USSEN/NV BERKLEY STRENGTHENED MEDICARE,1,0.300848240876749,1,0.2926081610416649
USSEN/NV BERKLEY TWISTED AND NOT TRUE,1,0.3276781182054366,1,0.3325868487613187
USSEN/NV BERKLEY VETERAN MENTAL HEALTH 60,1,0.3215149704336815,0,0.6817146763855726
USSEN/NY GILLIBRAND 9-11 HEALTH BILL,1,0.3746376243154433,0,0.6006991848183265
USSEN/NY GILLIBRAND EXACT SAME RULES,1,0.2925465784716868,0,0.6344486970376918
USSEN/NY GILLIBRAND MANUFACTURING PLANTS,1,0.301433254353262,0,0.6594073947974636
USSEN/NY GILLIBRAND REBUILD OUR ECONOMY,1,0.3142063541796249,0,0.6156011325445657
USSEN/NY GILLIBRAND WOMEN'S ISSUES,1,0.3776582364311275,0,0.5975421290984863
USSEN/OH BROWN A REAL CHOICE,0,0.5394947851490682,1,0.3820306253679247
USSEN/OH BROWN BOTH FROM OHIO,1,0.3892529174315959,0,0.6007162575440526
USSEN/OH BROWN DISPATCH ENDORSEMENT,0,0.5388839507766219,0,0.6506742091922649
USSEN/OH BROWN ENQUIRER ENDORSEMENT,1,0.4879782730746442,1,0.404433031886812
USSEN/OH BROWN FAIR CHINA TRADE,1,0.4131663772513796,0,0.6283602385088457
USSEN/OH BROWN JOHN BETTS 60,1,0.4482502996135052,0,0.6153407178092133
USSEN/OH BROWN JOHN GLENN ENDORSEMENT,1,0.4488605318385873,0,0.6297925709830448
USSEN/OH MANDEL ABSENTEE SENATOR,1,0.362119017306279,1,0.4930389721400044
USSEN/OH MANDEL DEAD WRONG,1,0.3475730750279314,0,0.6531448463751607
USSEN/OH MANDEL FALSE DECEIVING DISHONEST,1,0.327678837083876,0,0.6088225522178788
USSEN/OH MANDEL NOT PAYING HIS TAXES,1,0.3355313457293303,0,0.5573609969946616
USSEN/OH MANDEL THE REAL MANDEL,0,0.5804586173335161,0,0.6099325107136141
USSEN/OH MANDEL TIME FOR A CHANGE,1,0.3235860747910133,1,0.4140517045310526
USSEN/OK INHOFE AIR,0,0.5185239984683566,0,0.7338334935856722
USSEN/OK INHOFE DEEDS 60,1,0.3766639751281513,0,0.6084710074270502
USSEN/OK INHOFE FLIGHT,1,0.3399585053406833,0,0.5885142544092073
USSEN/OK INHOFE MARIE,1,0.3328072623020183,0,0.6644059771800459
USSEN/OR MERKLEY FIGHTER,1,0.3113525713475955,0,0.6903878561573573
USSEN/OR MERKLEY FIRST,1,0.3776530125775889,0,0.6322341876416093
USSEN/OR MERKLEY GARAGE,1,0.4306611851790705,0,0.660119498042063
USSEN/OR MERKLEY HANDS,1,0.3963874477952077,0,0.7477694801959841
USSEN/OR MERKLEY MILLIONS,1,0.4449915083911513,1,0.3219251422093631
USSEN/OR MERKLEY ON OUR SIDE,1,0.3965733207837618,1,0.4081412010308283
USSEN/OR MERKLEY VALUES,1,0.4066397077414142,0,0.636256766994224
USSEN/OR MERKLEY WORD FOR WORD,0,0.6998941559997507,1,0.393033102447639
USSEN/OR WEHBY ACCOUNTABILITY,1,0.3877411288527115,1,0.4930267734907801
USSEN/OR WEHBY BEN WEST,1,0.4429322016101029,0,0.652753055523392
USSEN/OR WEHBY DO WHAT'S RIGHT,1,0.436245459791776,0,0.5263915980687381
USSEN/OR WEHBY RIDICULOUS,1,0.3833147576649603,1,0.4563585444659938
USSEN/PA CASEY COMPLETELY FALSE,1,0.4485533303322758,0,0.6050553189837057
USSEN/PA CASEY CREDIT,1,0.4226368636466943,0,0.6322844981807386
USSEN/PA CASEY DEFENSE CONTRACTORS 60,0,0.6296011293599457,0,0.7356987871703846
USSEN/PA CASEY MILITARY STEEL,1,0.3438377830493887,0,0.703320218697118
USSEN/PA CASEY ONE-SIDED TRADE DEALS,1,0.3594612753093086,1,0.4462411591739033
USSEN/PA CASEY WHEN I WAS A KID,1,0.3500463349845316,0,0.6828916923470656
USSEN/PA NRSC&SMITH RECORD OF FAILURE,1,0.3260272414834465,0,0.6783271040976392
USSEN/PA SMITH FAILED CAREER POLITICIAN,1,0.4009749277733541,1,0.3595524787001349
USSEN/PA SMITH FED UP,1,0.396032665197944,0,0.7534912750779075
USSEN/PA SMITH NOT TRUE,1,0.4500892508665255,1,0.2809164762424605
USSEN/PA SMITH PLAN,1,0.4113565322245598,1,0.3283579312030263
USSEN/PA SMITH PROTECT SS AND MEDICARE,1,0.3795645509160336,0,0.6618838428600663
USSEN/PA SMITH WAR ON COAL,0,0.5130172883967651,1,0.32723409108438
USSEN/RI HINCKLEY HUNDREDS OF JOBS,1,0.4546509989668726,1,0.3828460578646029
USSEN/RI HINCKLEY INSIDER TRADING,0,0.6373971202151428,1,0.3224866686042383
USSEN/RI HINCKLEY MORE JOBS LESS POLITICS,1,0.3881943774558131,1,0.3565634786273857
USSEN/RI REED RHODE ISLAND'S DEFENDER,1,0.2863891172437299,0,0.5894836620006974
USSEN/RI REED SERVICE 60,1,0.3507044792644039,0,0.5915064254241248
USSEN/RI REED STUDENT LOANS,1,0.3745190118943979,0,0.660866546265105
USSEN/RI REED SUBS,1,0.3445420431531212,0,0.6839297751807046
USSEN/RI WHITEHOUSE MEDICARE CUTS,1,0.3331316168888961,0,0.6013537894863484
USSEN/RI WHITEHOUSE NEVER STOPPED 60,1,0.3453333399740342,0,0.5928493234811553
USSEN/RI WHITEHOUSE OUTSOURCING,1,0.392472468723727,0,0.5544598089128632
USSEN/RI WHITEHOUSE PELL GRANTS,1,0.3866512128030157,0,0.5594828398007331
USSEN/RI WHITEHOUSE SACRED PROMISE REV,1,0.3341228545905281,0,0.6190999036327065
USSEN/RI WHITEHOUSE STORIES OF RI 60,1,0.3716654782116866,0,0.58874587741595
USSEN/SC GRAHAM BEST EXPERIENCE OF MY LIFE,1,0.3655328879628916,0,0.6031443185354052
USSEN/SC GRAHAM PROVEN CONSERVATIVE LEADER,1,0.394869982905518,0,0.5885640641123376
USSEN/SC HUTTO HEADLINES,1,0.4165806334956705,1,0.4691947301566378
USSEN/SC HUTTO LISTENING,1,0.4524203122662924,1,0.4944967928198973
USSEN/SD ROUNDS HERE THEY GO AGAIN,1,0.2978701658830989,0,0.6000388809591197
USSEN/SD ROUNDS HOMESTAKE LAB,0,0.5152566262289344,0,0.637097441711629
USSEN/SD ROUNDS KEY ISSUES 60,1,0.3893060202929844,0,0.573699377600572
USSEN/SD ROUNDS OUR VALUES AND KEYSTONE,1,0.3658826958086436,1,0.4472599777654256
USSEN/SD ROUNDS PROTECT SOUTH DAKOTA,1,0.3909306978802514,1,0.4836357015608785
USSEN/SD ROUNDS SHAME ON RICK,1,0.4513586174968123,0,0.5583996694886404
USSEN/SD ROUNDS THAT'S ALL THEY'VE GOT 60,1,0.4213792858773232,0,0.6045538349528147
USSEN/SD ROUNDS THE TRUTH,1,0.3593531235578085,0,0.6004591672642439
USSEN/SD ROUNDS THUNE SUPPORTS ROUNDS,1,0.4248633195546909,0,0.5954072022615619
USSEN/SD ROUNDS TRUST,1,0.4273377157828316,0,0.5568097020625722
USSEN/SD ROUNDS VETERANS,1,0.4577134273536558,0,0.6092819798402926
USSEN/SD ROUNDS WORK ETHIC,1,0.302362165764634,0,0.5415444127516499
USSEN/SD ROUNDS&NRSC WHO WE SEND,1,0.4714438012520206,0,0.550011300337826
USSEN/SD WEILAND ABACUS 15,1,0.4183039657535814,0,0.651546908165977
USSEN/SD WEILAND AUCTION,0,0.5160217689663568,0,0.5746076591316407
USSEN/SD WEILAND DAVID VS GOLIATH 15,1,0.470511630178274,0,0.6596389499219754
USSEN/SD WEILAND EVERYDAY PEOPLE,1,0.4053388356966057,0,0.5757291474623998
USSEN/SD WEILAND HARD WORK,1,0.4226516243514128,0,0.632443783478746
USSEN/SD WEILAND HEADLINES 15,1,0.3811166369808306,0,0.6444344575591562
USSEN/SD WEILAND INCREDIBLY FAST 15,1,0.4136174910860785,0,0.6246052143369464
USSEN/SD WEILAND INCREDIBLY FAST 15 2,1,0.4094020440885653,0,0.6326647452112
USSEN/SD WEILAND MIDDLE CLASS,1,0.505418193253682,0,0.5439112770883862
USSEN/SD WEILAND MY NAME IS,1,0.455174119755909,0,0.6073709501554865
USSEN/SD WEILAND REST OF US,1,0.4429592861481765,0,0.6223566461325192
USSEN/SD WEILAND SHOWING UP 15,1,0.4312727327371755,0,0.6025144396313774
USSEN/TN ALEXANDER I'VE SEEN WHAT CAN HAPPEN,1,0.3168079162273506,0,0.5605948967925145
USSEN/TN ALEXANDER SERIOUS TIMES,1,0.3234977085456991,0,0.6958493843892588
USSEN/TN ALEXANDER SLICK TALK,1,0.4673480505611829,1,0.4009215043836591
USSEN/TN ALEXANDER VOTE FOR A NEW SENATE MAJORITY,1,0.316955447309007,0,0.7159095078232598
USSEN/TN BALL OUT OF TUNE,1,0.4470593473256345,1,0.4805280158946209
USSEN/TX CRUZ LAND OF OPPORTUNITY,1,0.2611532421545474,0,0.5641334414203791
USSEN/TX CRUZ THE AMERICAN DREAM,1,0.3365045444325303,0,0.5636334519960241
USSEN/TX SADLER TEA PARTY SENATE SEAT,1,0.285831266038615,1,0.3235663221945772
USSEN/UT HATCH AT A CROSSROADS 60 REV,1,0.3063360446288252,0,0.5909558337504347
USSEN/UT HATCH ROMNEY ENDORSEMENT 60 3,1,0.3291364682721177,0,0.6003256612726691
USSEN/UT HOWELL PARTY BEFORE PEOPLE,1,0.3393327926212928,0,0.698123283859319
USSEN/VA ALLEN AMERICA AT A CROSSROADS,1,0.4075526405053444,0,0.6312413652220543
USSEN/VA ALLEN COAL QUOTES,0,0.5218879206955584,1,0.4608914508921358
USSEN/VA ALLEN COAL REGULATIONS,0,0.5593548723260493,0,0.6118153464132658
USSEN/VA ALLEN COAL REGULATIONS 2,0,0.5673866499322209,0,0.6022814347585344
USSEN/VA ALLEN COMEBACK,1,0.414913905255943,1,0.4332925029755642
USSEN/VA ALLEN DEATH BENEFITS,0,0.6872720972263531,0,0.6007136536845761
USSEN/VA ALLEN DEFENSE CUTS,1,0.38731404681399,1,0.373739824462907
USSEN/VA ALLEN DEVASTATING,1,0.4020118729386138,0,0.6716150101831156
USSEN/VA ALLEN DIVISIONS IN WASHINGTON,1,0.360496330226577,0,0.7470316395491978
USSEN/VA ALLEN KAY COLES JAMES,0,0.5760311758774928,0,0.6015773640794181
USSEN/VA ALLEN RHONDA WINFIELD 60,1,0.4993562321548076,0,0.6093826009488604
USSEN/VA DSCC&KAINE PATRIOTISM AND UNITY,1,0.4178882946260228,0,0.6562306135305941
USSEN/VA KAINE LEAD BY EXAMPLE,1,0.3275976789994321,0,0.5941603841499976
USSEN/VA KAINE MORE PARTNERSHIP,1,0.2995142153638214,0,0.6454806525184086
USSEN/VA WARNER DISGRACEFUL,1,0.3956074214506109,1,0.382662976826422
USSEN/VA WARNER ENRON,1,0.4014217279059596,0,0.5802173561123033
USSEN/VA WARNER GO HOKIES,1,0.4122930517138378,0,0.7202198921150926
USSEN/VA WARNER INSOURCING,1,0.3745527016883777,0,0.6209585566999833
USSEN/VA WARNER JOHN WARNER,1,0.3514343001731146,0,0.6934348902742812
USSEN/VA WARNER NEXT GENERATION,1,0.3624123996845343,0,0.5958378030814138
USSEN/VA WARNER PROBLEM SOLVER 60,1,0.3559810875043325,0,0.6016024125415307
USSEN/VA WARNER STRONGER,1,0.3613767074204559,0,0.6196466161486192
USSEN/VA WARNER SUPER LOBBYIST,1,0.4199046705307447,1,0.3738788120202765
USSEN/VA WARNER TRUTH,1,0.3676935855430033,1,0.4147655365834472
USSEN/VA WARNER VETERANS,1,0.3808527201397844,0,0.7030940067398377
USSEN/VA WARNER YOU ALREADY KNOW,1,0.3958144394704667,1,0.4160964828372009
USSEN/WA CANTWELL AEROSPACE INDUSTRY REV,1,0.3467296757649131,0,0.6751791301342561
USSEN/WA CANTWELL KEYS TO SUCCESS,1,0.3936865372116377,0,0.6674845739856493
USSEN/WI BALDWIN ALWAYS STAND UP FOR YOU,1,0.3641807407386591,0,0.7214089137812321
USSEN/WI BALDWIN BEHIND CLOSED DOORS,0,0.5529596624359692,1,0.4230177265819101
USSEN/WI BALDWIN BUFFETT RULE,1,0.4960713199177585,0,0.6574047296046327
USSEN/WI BALDWIN CLINTON ENDORSEMENT,1,0.4622172071285655,0,0.6053482581754588
USSEN/WI BALDWIN COLLEGE AID,1,0.5012075107067633,0,0.6420007454285578
USSEN/WI BALDWIN DISGRACE,0,0.5220049747273675,1,0.4437153781790505
USSEN/WI BALDWIN LABEL ME,1,0.4000930702975618,0,0.7827117112112412
USSEN/WI BALDWIN NEWSPAPER ENDORSEMENTS,1,0.4804836074439089,1,0.4094232030273765
USSEN/WI BALDWIN NOT FOR YOU ANYMORE,1,0.4139902675140536,1,0.4102315322025937
USSEN/WI BALDWIN NOT FOR YOU ANYMORE 2,1,0.4435984950013496,1,0.4287590783623867
USSEN/WI BALDWIN NOT FOR YOU ANYMORE 3,1,0.4012962998452767,1,0.2863376144294783
USSEN/WI BALDWIN OUTSOURCING,1,0.463997138701909,0,0.6166288782289342
USSEN/WI BALDWIN SWEETHEART DEAL,1,0.4810739804280264,1,0.4112290963550834
USSEN/WI BALDWIN TOMMY INC,1,0.4321289768552408,1,0.3999366701608092
USSEN/WI BALDWIN WHAT'S HAPPENED,0,0.5462534527282333,1,0.4008020902937886
USSEN/WI BALDWIN&DSCC TAX RETURNS,0,0.549550984771449,0,0.5214268243357483
USSEN/WV CAPITO BIGGEST FAN,1,0.4841328816489355,0,0.6127737528890396
USSEN/WV CAPITO EVERYDAY,1,0.4203863650008612,0,0.6257161234460761
USSEN/WV CAPITO FIGHTING FOR THE HOME TEAM,1,0.3987806411260398,1,0.3830726975389926
USSEN/WV CAPITO MEDALS,1,0.3726683149516074,0,0.6683899384818303
USSEN/WV CAPITO NEVER EVER,1,0.3659273646556534,1,0.3719619802781355
USSEN/WV CAPITO OBAMACARE,1,0.3355038001418536,1,0.3994720006583579
USSEN/WV CAPITO WELCOME SIGN,1,0.3343425714499718,0,0.6140200137169455
USSEN/WV CAPITO WHAT I HEAR,1,0.3188978556760464,0,0.6354847945835568
USSEN/WV MANCHIN CAP AND TRADE BILL,1,0.3127793231360212,0,0.6485856037305057
USSEN/WV MANCHIN COUNTRY BEFORE POLITICS,1,0.3328622254302645,0,0.6113235411085742
USSEN/WV MANCHIN HAIRCUT,1,0.3649785531214128,0,0.6055230968499066
USSEN/WV MANCHIN HONOR AND DIGNITY,1,0.3477569122747492,0,0.5424473120114208
USSEN/WV RAESE CAP AND TRADE BILL,1,0.2799019278227185,1,0.319517780173936
USSEN/WV RAESE GANG OF FOUR,1,0.3809209545326952,1,0.4725568064779306
USSEN/WV RAESE JANE,1,0.409758148608579,0,0.6910712869856542
USSEN/WV RAESE MOST IMPORTANT ELECTION,1,0.1809277478724477,0,0.5634008008391242
USSEN/WV TENNANT COURTHOUSE,1,0.3988533333058713,0,0.6547723330300772
USSEN/WV TENNANT DELANEY'S STORY,1,0.3084104604025837,0,0.6373303802120088
USSEN/WV TENNANT MESSAGE,1,0.4416735372946221,0,0.6453156541052398
USSEN/WV TENNANT WALL STREET'S SECRET WEAPON,0,0.5222561152380484,1,0.3946934770966902
USSEN/WV TENNANT WHAT DO WE KNOW,0,0.513314731928376,1,0.3963258852830392
